model_name,attention_heads,hidden_dim,ffn,learning_rate,batch_size,epochs,weight_decay,dropout,warmup_steps,precision_macro_avg,precision_weighted_avg,recall_macro_avg,recall_weighted_avg,f1_macro_avg,f1_weighted_avg,accuracy,trained_epochs,train_time,peak_gpu_usage,peak_cpu_usage,parameter_count,reduction_percent
baseline,12,768,3072,0.00002,8,3,0,0.1,0,0.77,0.79,0.77,0.79,0.77,0.79,0.79,3,355.0864,1.0976,1.0976,"66,955,010",0
16.67% reduction,10,640,2560,0.00003,16,8,0.02,0.2,500,0.72,0.73,0.71,0.74,0.71,0.73,0.74,7,558.6846,1.1113,1.1113,"49,815,682",16.67
25% reduction,9,576,2304,0.00003,16,8,0.01,0.2,500,0.73,0.74,0.71,0.74,0.72,0.74,0.74,6,381.6762,1.6897,1.6897,"42,143,042",25
33.33% reduction,8,512,2048,0.00004,32,10,0.01,0.15,125,0.7,0.71,0.67,0.72,0.68,0.71,0.72,7,356.4597,1.2531,1.2531,"35,068,418",33.33
41.67% reduction,7,448,1792,0.00005,32,10,0.01,0.1,125,0.7,0.71,0.68,0.72,0.69,0.71,0.72,7,340.1018,1.2531,1.2531,"28,591,810",41.67
50% reduction,6,384,1536,0.00005,32,10,0.01,0.1,125,0.69,0.71,0.69,0.71,0.69,0.71,0.71,5,165.8552,1.2531,1.2531,"22,713,218",50